Title,Date
"The Circle: Season 1: Hello, Circle","5/2/20"
"The Flash: Season 5: Nora","5/2/20"
"Never Have I Ever: Season 1: ... said I'm sorry","5/1/20"
"Never Have I Ever: Season 1: ... had to be on my best behavior","5/1/20"
"Never Have I Ever: Season 1: ... pissed off everyone I know","5/1/20"
"Never Have I Ever: Season 1: ... been a big, fat liar","5/1/20"
"Never Have I Ever: Season 1: ... been the loneliest boy in the world","5/1/20"
"Never Have I Ever: Season 1: ... started a nuclear war","4/30/20"
"Never Have I Ever: Season 1: ... felt super Indian","4/30/20"
"Never Have I Ever: Season 1: ... gotten drunk with the popular kids","4/30/20"
"Never Have I Ever: Season 1: ... had sex with Paxton Hall-Yoshida","4/30/20"
"Never Have I Ever: Season 1: Pilot","4/30/20"
"Brooklyn Nine-Nine: Season 5: Two Turkeys","4/28/20"
"Locke & Key: Season 1: Crown of Shadows","4/26/20"
"Locke & Key: Season 1: Echoes","4/26/20"
"Too Hot to Handle: Season 1: Lust or Bust","4/25/20"
"Too Hot to Handle: Season 1: Sisters over Misters","4/25/20"
"Too Hot to Handle: Season 1: The Bryce Isn't Right","4/25/20"
"Too Hot to Handle: Season 1: Boys to Men","4/25/20"
"Too Hot to Handle: Season 1: Two's Company, Three's a ... Threesome","4/25/20"
"Locke & Key: Season 1: Ray of F**king Sunshine","4/24/20"
"Locke & Key: Season 1: Dissection","4/24/20"
"Locke & Key: Season 1: The Black Door","4/24/20"
"Too Hot to Handle: Season 1: Revenge Is a Dish Best Served Hot","4/23/20"
"Osmosis: Season 1: Soulmate","4/23/20"
"Too Hot to Handle: Season 1: Love, Sex or Money","4/23/20"
"Too Hot to Handle: Season 1: When Harry Met Francesca","4/22/20"
"Osmosis: Season 1: The Test","4/22/20"
"Locke & Key: Season 1: Family Tree","4/21/20"
"The Umbrella Academy: Season 1: The White Violin","4/20/20"
"The Umbrella Academy: Season 1: Changes","4/20/20"
"The Umbrella Academy: Season 1: I Heard a Rumor","4/20/20"
"The Umbrella Academy: Season 1: The Day That Was","4/19/20"
"Locke & Key: Season 1: The Keepers of the Keys","4/18/20"
"Locke & Key: Season 1: Head Games","4/18/20"
"How to Sell Drugs Online (Fast): Season 1: If You Are the Smartest One in the Room, You're in the Wrong Room","4/15/20"
"How to Sell Drugs Online (Fast): Season 1: Score Big or Don't Score at All","4/15/20"
"How to Sell Drugs Online (Fast): Season 1: If This is Reality, I'm Not Interested","4/15/20"
"How to Sell Drugs Online (Fast): Season 1: Failure is Not an Option","4/15/20"
"How to Sell Drugs Online (Fast): Season 1: Life's Not Fair, Get Used to It","4/15/20"
"How to Sell Drugs Online (Fast): Season 1: Nerd Today, Boss Tomorrow","4/15/20"
"The Umbrella Academy: Season 1: The Day That Wasn't","4/14/20"
"The Umbrella Academy: Season 1: Number Five","4/14/20"
"The Umbrella Academy: Season 1: Man on the Moon","4/14/20"
"The Umbrella Academy: Season 1: Extra Ordinary","4/14/20"
"The Umbrella Academy: Season 1: Run Boy Run","4/13/20"
"The Umbrella Academy: Season 1: We Only See Each Other at Weddings and Funerals","4/12/20"
"The Fresh Prince of Bel-Air: Season 6: Burnin' Down the House","4/11/20"
"The Fresh Prince of Bel-Air: Season 4: Where There's a Will, There's a Way: Part 1","4/11/20"
"Sword Art Online: The World of Swords","4/11/20"
"The Society: Season 1: How it Happens","4/9/20"
"The Society: Season 1: New Names","4/9/20"
"The Society: Season 1: Poison","4/9/20"
"The Society: Season 1: Allie's Rules","4/9/20"
"The Society: Season 1: Like a F-ing God or Something","4/9/20"
"The Society: Season 1: Putting on the Clothes","4/8/20"
"The Society: Season 1: Drop by Drop","4/8/20"
"The Society: Season 1: Childhood's End","4/7/20"
"The Society: Season 1: Our Town","4/7/20"
"The Society: Season 1: What Happened","4/6/20"
"Money Heist: Part 1: Episode 1","4/6/20"
"Prison Break: Season 4: The Final Break","4/6/20"
"Money Heist: Part 1: Episode 2","4/6/20"
"Sex Education: Season 2: Episode 8","4/4/20"
"Sex Education: Season 2: Episode 7","4/4/20"
"Sex Education: Season 2: Episode 6","4/4/20"
"Sex Education: Season 2: Episode 5","4/4/20"
"Sex Education: Season 2: Episode 4","4/4/20"
"Sex Education: Season 2: Episode 3","4/3/20"
"Sex Education: Season 2: Episode 2","4/3/20"
"Sex Education: Season 2: Episode 1","4/3/20"
"Sex Education: Season 1: Episode 8","4/2/20"
"Sex Education: Season 1: Episode 7","4/2/20"
"Sex Education: Season 1: Episode 6","4/2/20"
"Sex Education: Season 1: Episode 5","4/2/20"
"Sex Education: Season 1: Episode 4","4/2/20"
"Sex Education: Season 1: Episode 3","4/2/20"
"Sex Education: Season 1: Episode 2","4/2/20"
"Sex Education: Season 1: Episode 1","4/2/20"
"Prison Break: Season 4: Killing Your Number","4/1/20"
"Prison Break: Season 4: Rate of Exchange","4/1/20"
"Prison Break: Season 4: Cowboys & Indians","4/1/20"
"Prison Break: Season 4: S.O.B.","3/31/20"
"Prison Break: Season 4: Versus","3/31/20"
"Prison Break: Season 4: The Mother Lode","3/31/20"
"Prison Break: Season 4: The Sunshine State","3/31/20"
"Prison Break: Season 4: Going Under","3/31/20"
"Prison Break: Season 4: Just Business","3/31/20"
"Prison Break: Season 4: Deal or No Deal","3/31/20"
"Prison Break: Season 4: Selfless","3/31/20"
"Prison Break: Season 4: Quiet Riot","3/30/20"
"Prison Break: Season 4: The Legend","3/30/20"
"Prison Break: Season 4: Greatness Achieved","3/30/20"
"Prison Break: Season 4: The Price","3/30/20"
"Prison Break: Season 4: Five the Hard Way","3/30/20"
"Prison Break: Season 4: Blow Out","3/30/20"
"Prison Break: Season 4: Safe & Sound","3/29/20"
"Prison Break: Season 4: Eagles & Angels","3/29/20"
"Prison Break: Season 4: Shut Down","3/29/20"
"Prison Break: Season 4: Breaking & Entering","3/29/20"
"Prison Break: Season 4: Scylla","3/29/20"
"Prison Break: Season 3: The Art of the Deal","3/29/20"
"Prison Break: Season 3: Hell or High Water","3/29/20"
"Prison Break: Season 3: Under & Out","3/29/20"
"Prison Break: Season 3: Dirt Nap","3/28/20"
"Prison Break: Season 3: Boxed In","3/28/20"
"Prison Break: Season 3: Bang and Burn","3/28/20"
"Prison Break: Season 3: Vamonos","3/28/20"
"Prison Break: Season 3: Photo Finish","3/28/20"
"Prison Break: Season 3: Interference","3/27/20"
"Prison Break: Season 3: Good Fences","3/27/20"
"Prison Break: Season 3: Call Waiting","3/27/20"
"Prison Break: Season 3: Fire / Water","3/27/20"
"Prison Break: Season 3: Orientación","3/27/20"
"Prison Break: Season 2: Sona","3/26/20"
"Prison Break: Season 2: Fin del Camino","3/26/20"
"Prison Break: Season 2: Panama","3/26/20"
"Prison Break: Season 2: Sweet Caroline","3/26/20"
"Prison Break: Season 2: Wash","3/26/20"
"Prison Break: Season 2: Bad Blood","3/25/20"
"Prison Break: Season 2: Chicago","3/25/20"
"Prison Break: Season 2: The Message","3/25/20"
"Prison Break: Season 2: John Doe","3/25/20"
"Prison Break: Season 2: The Killing Box","3/25/20"
"Prison Break: Season 2: Disconnect","3/25/20"
"Prison Break: Season 2: Bolshoi Booze","3/25/20"
"Prison Break: Season 2: Rendezvous","3/25/20"
"Prison Break: Season 2: Unearthed","3/24/20"
"Prison Break: Season 2: Dead Fall","3/24/20"
"Prison Break: Season 2: Buried","3/24/20"
"Prison Break: Season 2: Subdivision","3/24/20"
"Prison Break: Season 2: Map 1213","3/24/20"
"Prison Break: Season 2: First Down","3/24/20"
"Prison Break: Season 2: Scan","3/23/20"
"Prison Break: Season 2: Otis","3/23/20"
"Prison Break: Season 2: Manhunt","3/23/20"
"Prison Break: Season 1: Flight","3/22/20"
"Prison Break: Season 1: Go","3/22/20"
"Prison Break: Season 1: Tonight","3/22/20"
"Prison Break: Season 1: The Key","3/21/20"
"Prison Break: Season 1: Bluff","3/21/20"
"Prison Break: Season 1: J-Cat","3/21/20"
"Prison Break: Season 1: Brother's Keeper","3/21/20"
"Prison Break: Season 1: By the Skin and the Teeth","3/20/20"
"Prison Break: Season 1: The Rat","3/20/20"
"Prison Break: Season 1: End of the Tunnel","3/20/20"
"Prison Break: Season 1: Odd Man Out","3/20/20"
"Prison Break: Season 1: And Then There Were 7","3/18/20"
"Prison Break: Season 1: Sleight of Hand","3/18/20"
"Prison Break: Season 1: Tweener","3/18/20"
"Prison Break: Season 1: The Old Head","3/18/20"
"Prison Break: Season 1: Riots, Drills and the Devil: Part 2","3/17/20"
"Prison Break: Season 1: Riots, Drills and the Devil: Part 1","3/17/20"
"Prison Break: Season 1: English, Fitz or Percy","3/17/20"
"Brooklyn Nine-Nine: Season 5: The Venue","3/16/20"
"Brooklyn Nine-Nine: Season 5: Bad Beat","3/16/20"
"Locke & Key: Season 1: Trapper / Keeper","3/16/20"
"Locke & Key: Season 1: Welcome to Matheson","3/15/20"
"Prison Break: Season 1: Cute Poison","3/14/20"
"Prison Break: Season 1: Cell Test","3/14/20"
"Prison Break: Season 1: Pilot","3/14/20"
"Prison Break: Season 1: Allen","3/12/20"
"DC's Legends of Tomorrow: Season 1: Pilot: Part 1","3/11/20"
"The Flash: Season 4: We Are the Flash","3/10/20"
"The Flash: Season 4: Think Fast","3/10/20"
"The Flash: Season 4: Harry and the Harrisons","3/10/20"
"The Flash: Season 4: Therefore She Is","3/9/20"
"The Flash: Season 4: Fury Rogue","3/9/20"
"The Flash: Season 4: Lose Yourself","3/8/20"
"The Flash: Season 4: Null and Annoyed","3/8/20"
"The Flash: Season 4: Run Iris, Run","3/8/20"
"The Flash: Season 4: Enter Flashtime","3/8/20"
"The Flash: Season 4: Subject 9","3/8/20"
"The Flash: Season 4: True Colors","3/8/20"
"The Flash: Season 4: Honey, I Shrunk Team Flash","3/7/20"
"The Flash: Season 4: The Elongated Knight Rises","3/7/20"
"The Flash: Season 4: The Trial of the Flash","3/7/20"
"The Flash: Season 4: Don't Run","3/7/20"
"The Flash: Season 4: Crisis on Earth-X, Part 3","3/7/20"
"The Flash: Season 4: Therefore I Am","3/7/20"
"The Flash: Season 4: When Harry Met Harry...","3/7/20"
"The Flash: Season 4: Girl's Night Out","3/6/20"
"The Flash: Season 4: Elongated Journey into Night","3/5/20"
"The Flash: Season 4: Luck Be a Lady","3/5/20"
"The Flash: Season 4: Mixed Signals","3/5/20"
"The Flash: Season 4: The Flash Reborn","3/5/20"
"The Flash: Season 3: Finish Line","3/4/20"
"The Flash: Season 3: Infantino Street","3/4/20"
"The Flash: Season 3: Cause and Effect","3/4/20"
"The Flash: Season 3: I Know Who You Are","3/4/20"
"The Flash: Season 3: The Once and Future Flash","3/3/20"
"The Flash: Season 3: Abra Kadabra","3/3/20"
"The Flash: Season 3: Duet","3/3/20"
"The Flash: Season 3: Into the Speed Force","3/3/20"
"The Flash: Season 3: The Wrath of Savitar","3/3/20"
"The Flash: Season 3: Attack on Central City","3/2/20"
"The Flash: Season 3: Attack on Gorilla City","3/1/20"
"The Flash: Season 3: Untouchable","3/1/20"
"The Flash: Season 3: Dead or Alive","3/1/20"
"The Flash: Season 3: Borrowing Problems From the Future","3/1/20"
"The Flash: Season 3: The Present","2/29/20"
"The Flash: Season 3: Invasion!","2/29/20"
"The Flash: Season 3: Killer Frost","2/29/20"
"The Flash: Season 3: Shade","2/29/20"
"The Flash: Season 3: Monster","2/28/20"
"The Flash: Season 3: The New Rogues","2/28/20"
"The Flash: Season 3: Magenta","2/27/20"
"The Flash: Season 3: Paradox","2/27/20"
"The Flash: Season 3: Flashpoint","2/27/20"
"The Flash: Season 2: The Race of His Life","2/26/20"
"The Flash: Season 2: Invincible","2/25/20"
"The Flash: Season 2: The Runaway Dinosaur","2/25/20"
"The Flash: Season 2: Rupture","2/25/20"
"The Flash: Season 2: Back to Normal","2/24/20"
"The Flash: Season 2: Versus Zoom","2/24/20"
"The Flash: Season 2: Flash Back","2/24/20"
"The Flash: Season 2: Trajectory","2/24/20"
"The Flash: Season 2: King Shark","2/23/20"
"The Flash: Season 2: Escape From Earth-2","2/23/20"
"The Flash: Season 2: Welcome to Earth-2","2/23/20"
"The Flash: Season 2: Fast Lane","2/23/20"
"The Flash: Season 2: The Reverse-Flash Returns","2/23/20"
"The Flash: Season 2: Potential Energy","2/23/20"
"The Flash: Season 2: Running to Stand Still","2/23/20"
"The Flash: Season 2: Legends of Today","2/22/20"
"The Flash: Season 2: Gorilla Warfare","2/22/20"
"The Flash: Season 2: Enter Zoom","2/22/20"
"The Flash: Season 2: The Darkness and the Light","2/22/20"
"The Flash: Season 2: The Fury of Firestorm","2/22/20"
"The Flash: Season 2: Family of Rogues","2/22/20"
"The Flash: Season 2: Flash of Two Worlds","2/21/20"
"The Flash: Season 2: The Man Who Saved Central City","2/20/20"
"The Flash: Season 1: Fast Enough","2/19/20"
"The Flash: Season 1: Rogue Air","2/19/20"
"The Flash: Season 1: Grodd Lives","2/18/20"
"The Flash: Season 1: The Trap","2/18/20"
"The Flash: Season 1: Who Is Harrison Wells?","2/18/20"
"The Flash: Season 1: All Star Team Up","2/18/20"
"The Flash: Season 1: Tricksters","2/17/20"
"The Flash: Season 1: Rogue Time","2/17/20"
"The Flash: Season 1: Out of Time","2/17/20"
"The Flash: Season 1: Fallout","2/17/20"
"The Flash: Season 1: The Nuclear Man","2/16/20"
"The Flash: Season 1: Crazy for You","2/16/20"
"The Flash: Season 1: The Sound and the Fury","2/16/20"
"The Flash: Season 1: Revenge of the Rogues","2/16/20"
"Brooklyn Nine-Nine: Season 5: HalloVeen","2/16/20"
"Brooklyn Nine-Nine: Season 5: Kicks","2/16/20"
"Brooklyn Nine-Nine: Season 5: The Big House, Pt. 2","2/16/20"
"Brooklyn Nine-Nine: Season 5: The Big House, Pt. 1","2/16/20"
"The Flash: Season 1: The Man in the Yellow Suit","2/16/20"
"The Flash: Season 1: Flash vs. Arrow","2/15/20"
"The Flash: Season 1: Power Outage","2/15/20"
"The Flash: Season 1: The Flash Is Born","2/15/20"
"The Flash: Season 1: Plastique","2/14/20"
"The Flash: Season 1: Going Rogue","2/14/20"
"The Flash: Season 1: Things You Can't Outrun","2/14/20"
"The Flash: Season 1: Fastest Man Alive","2/14/20"
"The Flash: Season 1: Pilot","2/13/20"
"Miraculous: Tales of Ladybug & Cat Noir: Season 2: Part 2: Mayura: Heroes' Day: Part 2","2/9/20"
"Miraculous: Tales of Ladybug & Cat Noir: Season 2: Part 2: Catalyst: Heroes' Day: Part 1","2/9/20"
"Miraculous: Tales of Ladybug & Cat Noir: Season 2: Part 2: Sandboy","2/9/20"
"Miraculous: Tales of Ladybug & Cat Noir: Season 2: Part 2: Frightningale","2/8/20"
"Miraculous: Tales of Ladybug & Cat Noir: Season 2: Part 1: Prime Queen","2/8/20"
"Miraculous: Tales of Ladybug & Cat Noir: Season 2: Part 1: The Collector","2/7/20"
"Family Guy: Season 15: Passenger Fatty-Seven","1/31/20"
"LEGO Ninjago: Masters of Spinjitzu: Rise of the Serpentine: Rise of the Snakes","1/30/20"
"Peppa Pig: Season 1: Daddy Loses His Glasses / Gardening / Hiccups / Bicycles","1/30/20"
"BONDING: Season 1: The Past is Not Always Behind","10/27/19"
"BONDING: Season 1: Pete Shy","10/27/19"
"BONDING: Season 1: Old Friends, New Names","10/27/19"
"Lost in Space: Season 1: Impact","5/6/19"
"BONDING: Season 1: Into The Woods","4/30/19"
"BONDING: Season 1: Penguins","4/30/19"
"BONDING: Season 1: Double Date","4/30/19"
"BONDING: Season 1: Let's Get Physical","4/30/19"
"Star Trek: Voyager: Season 4: Year of Hell: Part 2","6/3/18"
"Star Trek: Voyager: Season 1: Caretaker: Parts 1 & 2","6/3/18"
"Star Trek: Deep Space Nine: Season 3: Fascination","5/21/18"
"Friends: Season 3: The One with the Jam","5/14/18"
"Sherlock Holmes: A Game of Shadows","3/23/18"
"Sherlock Holmes","3/2/18"
"Miraculous: Tales of Ladybug & Cat Noir: Season 1: Stoneheart: Origins: Pt. 2","1/9/18"
"Shimmer Lake","8/7/17"
"The Game","8/7/17"
"My Little Pony: Friendship Is Magic: Season 2: Secret of My Excess","11/21/16"
"The Magic School Bus: Season 1: The Magic School Bus Gets Lost in Space","11/21/16"
"Mamma Mia!","11/18/16"
"Peppa Pig: Season 1: Hide and Seek / The Playgroup / Mummy Pig at Work / Piggy in the Middle","11/16/16"
"Peppa Pig: Season 1: Muddy Puddles / Mr. Dinosaur Is Lost / Best Friend / Polly Parrot","11/16/16"
"Full House: Season 1: Sisterly Love","11/15/16"
"My Little Pony: Friendship Is Magic: Season 2: Sweet and Elite","10/14/16"
"Pac-Man and the Ghostly Adventures: Season 2: The Legend of Creepy Hollow","9/21/16"
"Pac-Man and the Ghostly Adventures: Season 2: Bride of Grinder","9/21/16"
"Pac-Man and the Ghostly Adventures: Season 2: Nerd is the Word","9/21/16"
"Pac-Man and the Ghostly Adventures: Season 2: The Ghost Behind the Throne","9/21/16"
"Pac-Man and the Ghostly Adventures: Season 2: Peace Without Slime","9/21/16"
"Touch: Season 2: Ghosts","8/19/16"
"Touch: Season 2: Broken","8/19/16"
"Touch: Season 2: Closer","8/18/16"
"Touch: Season 2: Event Horizon","8/18/16"
"Touch: Season 1: Road Not Taken","8/18/16"
"Touch: Season 1: Entanglement","8/13/16"
"Touch: Season 1: Kite Strings","8/13/16"
"The IT Crowd: Series 1: Aunt Irma Visits","8/12/16"
"The IT Crowd: Series 1: The Haunting of Bill Crouse","8/12/16"
"Touch: Season 1: Tales of the Red Thread","8/12/16"
"The IT Crowd: Series 1: The Red Door","7/25/16"
"The IT Crowd: Series 1: Fifty-Fifty","7/24/16"
"Pokémon The Series: Indigo League: Season 1: Pokémon - I Choose You!","7/19/16"
"Stranger Things: Chapter Five: The Flea and the Acrobat","7/18/16"
"Pac-Man and the Ghostly Adventures: Season 1: Pac-Pong Fever","6/4/16"
"Wild Kratts: Season 1: Mom of a Croc","6/4/16"
"Pac-Man and the Ghostly Adventures: Season 1: Betrayus Turns the Heat Up","4/27/16"
"Radio Rebel","4/26/16"
"Pac-Man and the Ghostly Adventures: Season 2: Meanie Genie","4/7/16"
"Kung Fu Panda","3/29/16"
"LEGO Friends: The Power of Friendship: Season 1: Camp Wild Hearts","3/28/16"
"Team Hot Wheels: The Skills to Thrill","3/28/16"
"Teletubbies: Season 1: Ned's Bicycle","3/18/16"
"LEGO Friends: The Power of Friendship: Season 1: Slam Dunk","3/18/16"
"The SpongeBob SquarePants Movie","3/18/16"
"LEGO Bionicle: The Journey to One: Season 1: Prologue: The Legend Begins","3/18/16"
"Pac-Man and the Ghostly Adventures: Season 1: Jurassic Pac","3/15/16"
"Angry Birds Toons: Season 1: Episode 3","3/15/16"
"Pac-Man and the Ghostly Adventures: Season 1: A Berry Scary Night","3/15/16"
"Pac-Man and the Ghostly Adventures: Season 1: PacLantis","3/15/16"
"Pac-Man and the Ghostly Adventures: Season 1: Stand By Your Pac-Man","3/15/16"
"Pac-Man and the Ghostly Adventures: Season 1: Planet Pac vs. the Ghosteroid","3/15/16"
"Pac-Man and the Ghostly Adventures: Season 1: Jinxed","3/15/16"
"Pac-Man and the Ghostly Adventures: Season 1: Driver's Pac","3/13/16"
"Pac-Man and the Ghostly Adventures: Season 1: Indiana Pac and the Temple of Slime","3/13/16"
"Pac-Man and the Ghostly Adventures: Season 1: Robo Woes","3/13/16"
"Transformers: Rescue Bots: Season 1: Family of Heroes","3/13/16"
"Pac-Man and the Ghostly Adventures: Season 1: The Great Chase!","3/13/16"
"Sid the Science Kid: The Movie","3/6/16"
"Angry Birds Toons: Season 1: Episode 2","3/5/16"
"Angry Birds Toons: Season 1: Episode 1","3/5/16"
"Sid the Science Kid: Season 1: Enough with the Seashells!","3/5/16"
"Sid the Science Kid: Season 1: The Rolie Polie","3/5/16"
"Sid the Science Kid: Season 1: The Sticker Chart","3/5/16"
"Pac-Man and the Ghostly Adventures: Season 1: Seems Like Old Times","3/4/16"
"Pac-Man and the Ghostly Adventures: Season 1: No Body Knows","3/4/16"
"Pac-Man and the Ghostly Adventures: Season 1: Mission ImPacable!","3/4/16"
"Pac-Man and the Ghostly Adventures: Season 1: Heebo Skeebo","3/4/16"
"Pac-Man and the Ghostly Adventures: Season 1: Pac to the Future","3/4/16"
"Pac-Man and the Ghostly Adventures: Season 1: Is Zit You or is Zit Me?","3/4/16"
"Pac-Man and the Ghostly Adventures: Season 1: President Possessed!","3/3/16"
"Pac-Man and the Ghostly Adventures: Season 1: All You Can Eat","3/3/16"
"Pac-Man and the Ghostly Adventures: Season 1: No Pets Allowed….Especially Monsters!: Part 2","3/3/16"
"Pac-Man and the Ghostly Adventures: Season 1: No Pets Allowed….Especially Monsters!: Part 1","3/3/16"
"Pac-Man and the Ghostly Adventures: Season 2: Ride the Wild Pac-topus","3/3/16"
"Pac-Man and the Ghostly Adventures: Season 1: The Spy Who Slimed Me","3/3/16"
"Pac-Man and the Ghostly Adventures: Season 2: Pac-Mania","3/3/16"
"Pac-Man and the Ghostly Adventures: Season 2: That Smarts!","3/3/16"
"Pac-Man and the Ghostly Adventures: Season 2: Cosmic Contest","3/3/16"
"Pac-Man and the Ghostly Adventures: Season 2: Cave Pac-Man","3/3/16"
"Pac-Man and the Ghostly Adventures: Season 2: Spooka-Bazooka!","3/3/16"
"Pac-Man and the Ghostly Adventures: Season 2: Rip Van Packle","3/3/16"
"Pac-Man and the Ghostly Adventures: Season 2: The Shadow of the Were-Pac","3/3/16"
"Pac-Man and the Ghostly Adventures: Season 2: A Hard Dazed Knight","3/1/16"
"Pac-Man and the Ghostly Adventures: Season 2: Cap'n Banshee and his Interstellar Buccaneers","3/1/16"
"Pac-Man and the Ghostly Adventures: Season 2: The Pac Be With You","2/26/16"
"Alvin and the Chipmunks: The Squeakquel","2/26/16"
"Pac-Man and the Ghostly Adventures: Season 2: Happy Holidays and a Merry Berry Day","2/25/16"
"Pac-Man and the Ghostly Adventures: Season 1: Invasion of the Pointy Heads","2/20/16"
"Pac-Man and the Ghostly Adventures: Season 1: The Adventure Begins: Part 1","2/20/16"
"Winx Club: Season 1: An Unexpected Event","2/19/16"
"Alvin and the Chipmunks: Chipwrecked","2/18/16"
"Barbie Life in the Dreamhouse: Season 1: Perf Pool Party & Trapped in the Dreamhouse","2/18/16"
"Pac-Man and the Ghostly Adventures: Season 1: The Adventure Begins: Part 2","2/16/16"
"Ben & Holly's Little Kingdom: Season 1: The Royal Fairy Picnic / Gaston the Ladybird","2/6/16"
"Pulp Fiction","2/6/16"
"My Little Pony: Friendship Is Magic: Season 2: The Mysterious Mare Do Well","1/10/16"
"Super 4: Season 1: Fog Over Kingsland / Cleaning Day","1/10/16"
"Slugterra: Season 1: Deadweed","1/10/16"
"Mouk: Season 1: Lucky Charm / The Desert Archaeologists","1/10/16"
"My Little Pony: Friendship Is Magic: Season 2: The Return of Harmony: Part 1","1/10/16"
